No.,Indices,Mean Cor.,Sd
1,Individuals,-0.476166667,0.279399302
2,Dominance_D,-0.269416667,0.256560983
3,Simpson_1-D,0.269416667,0.256560983
4,Shannon_H,0.35475,0.233704602
5,Evenness_e^H/S,0.160666667,0.20269921
