Treatments,Mean Population
Control,4
0.4ml,2.940476
1ml,3.47619
1.6ml,2.714286
0.4ml,2.940476
1ml,3.47619
1.6ml,2.714286
